{"cameraMode":{"drawMode":0,"name":"Shaded","section":"Shading Mode"},"sceneLighting":false,"audioPlay":false,"sceneViewState":{"showFog":true,"showMaterialUpdate":false,"showSkybox":true,"showFlares":true,"showImageEffects":true,"showParticleSystems":true},"in2DMode":false,"pivot":{"x":-9.281476974487305,"y":-2.9097135066986086,"z":-10.205907821655274},"rotation":{"x":-0.0500292032957077,"y":0.9264110922813416,"z":-0.13291452825069428,"w":-0.34870368242263796},"size":22.754467010498048,"orthographic":false}